"Step","_name_or_path: bert-large-uncased - eval/P_err","_name_or_path: bert-large-uncased - eval/P_err__MIN","_name_or_path: bert-large-uncased - eval/P_err__MAX","_name_or_path: bert-base-cased - eval/P_err","_name_or_path: bert-base-cased - eval/P_err__MIN","_name_or_path: bert-base-cased - eval/P_err__MAX","_name_or_path: prajjwal1/bert-medium - eval/P_err","_name_or_path: prajjwal1/bert-medium - eval/P_err__MIN","_name_or_path: prajjwal1/bert-medium - eval/P_err__MAX","_name_or_path: prajjwal1/bert-mini - eval/P_err","_name_or_path: prajjwal1/bert-mini - eval/P_err__MIN","_name_or_path: prajjwal1/bert-mini - eval/P_err__MAX","_name_or_path: prajjwal1/bert-tiny - eval/P_err","_name_or_path: prajjwal1/bert-tiny - eval/P_err__MIN","_name_or_path: prajjwal1/bert-tiny - eval/P_err__MAX"
"2","0.8195897647542127","0.8179573804573804","0.8225051975051976","0.8294984993957362","0.8195288753799392","0.8335866261398176","0.8113423781591361","0.8062629937629937","0.8153586278586279","0.8336346760289596","0.8295218295218295","0.8400467775467775","0.8707543939337203","0.8668139293139293","0.877079002079002"
"3","0.8195897647542127","0.8179573804573804","0.8225051975051976","0.8294984993957362","0.8195288753799392","0.8335866261398176","0.8113423781591361","0.8062629937629937","0.8153586278586279","0.8336346760289596","0.8295218295218295","0.8400467775467775","0.8707543939337203","0.8668139293139293","0.877079002079002"
"6","0.8084528189433664","0.805937256935442","0.8151413015296862","0.8234545127478878","0.8156019343344363","0.8278187834054467","0.8046730700046025","0.7984496124031008","0.8085299455535391","0.832879529365869","0.8268295887531205","0.8361420793362717","0.8708657253343626","0.8669031664695834","0.8763287529167747"
"7","0.8084528189433664","0.805937256935442","0.8151413015296862","0.8234545127478878","0.8156019343344363","0.8278187834054467","0.8046730700046025","0.7984496124031008","0.8085299455535391","0.832879529365869","0.8268295887531205","0.8361420793362717","0.8708657253343626","0.8669031664695834","0.8763287529167747"
"10","0.8001314909444648","0.7969100752673973","0.8029350104821803","0.8061519541313737","0.8001796714579056","0.8106622347225774","0.7997787745053666","0.7891192394031428","0.8096174004192872","0.8287655326035532","0.8253004093490031","0.8321540880503144","0.8695058073465786","0.8639937106918238","0.8738207547169812"
"11","0.8001314909444648","0.7969100752673973","0.8029350104821803","0.8061519541313737","0.8001796714579056","0.8106622347225774","0.7997787745053666","0.7891192394031428","0.8096174004192872","0.8287655326035532","0.8253004093490031","0.8321540880503144","0.8695058073465786","0.8639937106918238","0.8738207547169812"
"14","0.794116101504432","0.7899802241265657","0.8012366353213963","0.8082088911686798","0.8016424510423247","0.8166603749842708","0.7992611233025582","0.7939353988134477","0.8030400618317661","0.8302436103311424","0.8253131179960448","0.832667783073554","0.8689225184692427","0.8664469347396176","0.8715702692258147"
"15","0.794116101504432","0.7899802241265657","0.8012366353213963","0.8082088911686798","0.8016424510423247","0.8166603749842708","0.7992611233025582","0.7939353988134477","0.8030400618317661","0.8302436103311424","0.8253131179960448","0.832667783073554","0.8689225184692427","0.8664469347396176","0.8715702692258147"
"18","0.783116360823409","0.7747252747252747","0.7899005756148614","0.7956651179084607","0.7901854714064915","0.8014837554361729","0.7855220180290962","0.7799581371009943","0.7910779696493982","0.824950712260633","0.8197278911564626","0.8299319727891157","0.866028273253631","0.8600209314495029","0.8738880167451596"
"19","0.783116360823409","0.7747252747252747","0.7899005756148614","0.7956651179084607","0.7901854714064915","0.8014837554361729","0.7855220180290962","0.7799581371009943","0.7910779696493982","0.824950712260633","0.8197278911564626","0.8299319727891157","0.866028273253631","0.8600209314495029","0.8738880167451596"
"22","0.7922516675827518","0.7875128468653648","0.7989465570400822","0.7992520525990864","0.794558860920417","0.8041677127793121","0.7939064219975797","0.7887767143044447","0.8042137718396711","0.8276789226245107","0.8169660416939819","0.8346608427543679","0.8682063680565782","0.8620246659815005","0.8735868448098664"
"23","0.7922516675827518","0.7875128468653648","0.7989465570400822","0.7992520525990864","0.794558860920417","0.8041677127793121","0.7939064219975797","0.7887767143044447","0.8042137718396711","0.8276789226245107","0.8169660416939819","0.8346608427543679","0.8682063680565782","0.8620246659815005","0.8735868448098664"
"26","0.7819983869011787","0.7758822763380648","0.7882536788644354","0.7976332536045486","0.792119222025764","0.8026016670876484","0.7868753162518838","0.7799192603203542","0.7946347180622477","0.8255764914778563","0.8205495507227504","0.8331814038286235","0.8659270412168295","0.8602682640968876","0.8723792160437557"
"27","0.7819983869011787","0.7758822763380648","0.7882536788644354","0.7976332536045486","0.792119222025764","0.8026016670876484","0.7868753162518838","0.7799192603203542","0.7946347180622477","0.8255764914778563","0.8205495507227504","0.8331814038286235","0.8659270412168295","0.8602682640968876","0.8723792160437557"
"30","0.7807406455148139","0.7761077999481731","0.7864731795802021","0.7985193956292379","0.7944031261817723","0.8033530820622715","0.783672968223633","0.7785695776107799","0.787890625","0.821545453809277","0.8173101839854885","0.82734375","0.8665431121512481","0.8622700181394144","0.869655351127235"
"31","0.7807406455148139","0.7761077999481731","0.7864731795802021","0.7985193956292379","0.7944031261817723","0.8033530820622715","0.783672968223633","0.7785695776107799","0.787890625","0.821545453809277","0.8173101839854885","0.82734375","0.8665431121512481","0.8622700181394144","0.869655351127235"
"34","0.7791413726800436","0.7771732089648918","0.7811892732219199","0.7934524509785076","0.7864004044489383","0.7993662864385298","0.7862476295093862","0.7815779246016323","0.792489604989605","0.821941622704351","0.8169452001554606","0.8297706956859696","0.8653168505286655","0.8617696592822904","0.8677289804378805"
"35","0.7791413726800436","0.7771732089648918","0.7811892732219199","0.7934524509785076","0.7864004044489383","0.7993662864385298","0.7862476295093862","0.7815779246016323","0.792489604989605","0.821941622704351","0.8169452001554606","0.8297706956859696","0.8653168505286655","0.8617696592822904","0.8677289804378805"
"38","0.7753164344159261","0.7681877444589309","0.7866212855085744","0.7929464449726943","0.7883544303797468","0.7975949367088607","0.7832135376122631","0.7778357235984354","0.7904823989569753","0.8188330008313546","0.8143736091111402","0.8252933507170795","0.8631995423198017","0.8567144719687092","0.8684485006518905"
"39","0.7753164344159261","0.7681877444589309","0.7866212855085744","0.7929464449726943","0.7883544303797468","0.7975949367088607","0.7832135376122631","0.7778357235984354","0.7904823989569753","0.8188330008313546","0.8143736091111402","0.8252933507170795","0.8631995423198017","0.8567144719687092","0.8684485006518905"
"42","0.7698520667723758","0.761609106195835","0.7777777777777778","0.7887104329656698","0.7848926380368098","0.7943507157464212","0.7816404524204291","0.7750614409520113","0.7870909326089768","0.8176937724614728","0.8115379640408744","0.8246022506790842","0.8644512952270386","0.8623722674945027","0.8685810373819687"
"43","0.7698520667723758","0.761609106195835","0.7777777777777778","0.7887104329656698","0.7848926380368098","0.7943507157464212","0.7816404524204291","0.7750614409520113","0.7870909326089768","0.8176937724614728","0.8115379640408744","0.8246022506790842","0.8644512952270386","0.8623722674945027","0.8685810373819687"
"46","0.7723681263152729","0.7648459198518714","0.7758287114665291","0.7868619894942732","0.7827848101265823","0.790379746835443","0.7795064495685319","0.7741519411840578","0.7849864568554108","0.8173686775735689","0.814045761142706","0.8249709789758803","0.8634428544736268","0.8569585966722559","0.8708886882497098"
"47","0.7723681263152729","0.7648459198518714","0.7758287114665291","0.7868619894942732","0.7827848101265823","0.790379746835443","0.7795064495685319","0.7741519411840578","0.7849864568554108","0.8173686775735689","0.814045761142706","0.8249709789758803","0.8634428544736268","0.8569585966722559","0.8708886882497098"
"50","0.7701702880878717","0.7655091689426453","0.7733659920072193","0.7836693913522972","0.7741484494153533","0.7892163009404389","0.7788694751737961","0.7713616855247757","0.7839370890808302","0.8194030662784069","0.8144901379399252","0.8259636457393322","0.8647927849661187","0.8608998324094366","0.8674730133957602"
"51","0.7701702880878717","0.7655091689426453","0.7733659920072193","0.7836693913522972","0.7741484494153533","0.7892163009404389","0.7788694751737961","0.7713616855247757","0.7839370890808302","0.8194030662784069","0.8144901379399252","0.8259636457393322","0.8647927849661187","0.8608998324094366","0.8674730133957602"
"54","0.7670119515261264","0.7594443723224718","0.7732656514382403","0.7820360122721095","0.7786697247706422","0.7846585117227319","0.7772923757804063","0.7707926591175323","0.7809944177593146","0.8167062571519667","0.812670388160457","0.8220747103995835","0.8640087064090896","0.8596650655588731","0.8682331559132805"
"55","0.7670119515261264","0.7594443723224718","0.7732656514382403","0.7820360122721095","0.7786697247706422","0.7846585117227319","0.7772923757804063","0.7707926591175323","0.7809944177593146","0.8167062571519667","0.812670388160457","0.8220747103995835","0.8640087064090896","0.8596650655588731","0.8682331559132805"
"58","0.7603003115583606","0.7534175237599271","0.7651347480796771","0.7835071462834392","0.7769124481849015","0.7885943976887326","0.7705423499221087","0.7676967776016904","0.7769821637807577","0.8136095316322074","0.8100507746387189","0.821767998958469","0.860957485739642","0.8537950787657858","0.8643405806535607"
"59","0.7603003115583606","0.7534175237599271","0.7651347480796771","0.7835071462834392","0.7769124481849015","0.7885943976887326","0.7705423499221087","0.7676967776016904","0.7769821637807577","0.8136095316322074","0.8100507746387189","0.821767998958469","0.860957485739642","0.8537950787657858","0.8643405806535607"
"62","0.7641266450526809","0.7569096284869521","0.7733263734829701","0.7793625958073195","0.7679292929292929","0.7851010101010101","0.7729261653115106","0.7713073659853451","0.7755448257862456","0.8138349639443415","0.8065304023653426","0.8192569739041008","0.8617045758583679","0.8558940737884047","0.8648926597249004"
"63","0.7641266450526809","0.7569096284869521","0.7733263734829701","0.7793625958073195","0.7679292929292929","0.7851010101010101","0.7729261653115106","0.7713073659853451","0.7755448257862456","0.8138349639443415","0.8065304023653426","0.8192569739041008","0.8617045758583679","0.8558940737884047","0.8648926597249004"
"66","0.7662404098006691","0.7587991718426501","0.773619233268356","0.7826327667554078","0.7759929167720718","0.7894603174603174","0.775867073077218","0.7722567287784678","0.7792443064182195","0.8131701132864366","0.808100414078675","0.8152173913043479","0.8630319054479999","0.8575310559006211","0.8665890269151139"
"67","0.7662404098006691","0.7587991718426501","0.773619233268356","0.7826327667554078","0.7759929167720718","0.7894603174603174","0.775867073077218","0.7722567287784678","0.7792443064182195","0.8131701132864366","0.808100414078675","0.8152173913043479","0.8630319054479999","0.8575310559006211","0.8665890269151139"
"70","0.7580879092223322","0.7526329647182728","0.7642415471648467","0.7656056329471647","0.75824748989438","0.7711566045116703","0.770093864620651","0.7635597682991048","0.7771195365982095","0.8062131004768572","0.8035808320168509","0.8091100579252238","0.8589969765764172","0.8521590310689837","0.863349131121643"
"71","0.7580879092223322","0.7526329647182728","0.7642415471648467","0.7656056329471647","0.75824748989438","0.7711566045116703","0.770093864620651","0.7635597682991048","0.7771195365982095","0.8062131004768572","0.8035808320168509","0.8091100579252238","0.8589969765764172","0.8521590310689837","0.863349131121643"
"74","0.759786664712013","0.7560750132065505","0.7626782884310618","0.7764219439436738","0.768003064351379","0.7874106230847804","0.7664928962660216","0.7587719298245614","0.7719228737453777","0.8064358237475261","0.8015055467511886","0.813391442155309","0.8596689221011516","0.8555289739500266","0.8642366613840464"
"75","0.759786664712013","0.7560750132065505","0.7626782884310618","0.7764219439436738","0.768003064351379","0.7874106230847804","0.7664928962660216","0.7587719298245614","0.7719228737453777","0.8064358237475261","0.8015055467511886","0.813391442155309","0.8596689221011516","0.8555289739500266","0.8642366613840464"
"78","0.7681596995857081","0.7637141745558294","0.7709765270392945","0.7777692710108409","0.7669755045056479","0.7855057748445234","0.7751105386009255","0.7693407879339488","0.7801841525094022","0.8125050743777524","0.8066571317123912","0.8171443392556088","0.8617341542537655","0.8580158626966584","0.8643496303981325"
"79","0.7681596995857081","0.7637141745558294","0.7709765270392945","0.7777692710108409","0.7669755045056479","0.7855057748445234","0.7751105386009255","0.7693407879339488","0.7801841525094022","0.8125050743777524","0.8066571317123912","0.8171443392556088","0.8617341542537655","0.8580158626966584","0.8643496303981325"
"82","0.7575511824937216","0.7542827252517327","0.7629095674967235","0.7711935109734541","0.7620266120777892","0.7804503582395087","0.7678071819425327","0.7627827906368511","0.7710353866317169","0.8103777648778566","0.8063292794559958","0.813652412710867","0.8616873542438883","0.856414280109847","0.8690989930691775"
"83","0.7575511824937216","0.7542827252517327","0.7629095674967235","0.7711935109734541","0.7620266120777892","0.7804503582395087","0.7678071819425327","0.7627827906368511","0.7710353866317169","0.8103777648778566","0.8063292794559958","0.813652412710867","0.8616873542438883","0.856414280109847","0.8690989930691775"
"86","0.7571574294131065","0.753952698288253","0.7608296140719348","0.7711237551510437","0.7642912073827224","0.7814070351758794","0.7685269611674702","0.7624048306642164","0.7772115510257416","0.8066402730924308","0.8025728537673931","0.8104011498758656","0.8584566863635634","0.8527172486216855","0.8626682346792107"
"87","0.7571574294131065","0.753952698288253","0.7608296140719348","0.7711237551510437","0.7642912073827224","0.7814070351758794","0.7685269611674702","0.7624048306642164","0.7772115510257416","0.8066402730924308","0.8025728537673931","0.8104011498758656","0.8584566863635634","0.8527172486216855","0.8626682346792107"
"90","0.7591836279501786","0.7556420233463035","0.7635538261997405","0.7680964783028716","0.7552564102564102","0.7739439299758974","0.7685214466091945","0.7608951707891637","0.7750972762645915","0.8064980493823766","0.8003891050583658","0.812970168612192","0.8578538368427138","0.8507133592736705","0.8614785992217899"
"91","0.7591836279501786","0.7556420233463035","0.7635538261997405","0.7680964783028716","0.7552564102564102","0.7739439299758974","0.7685214466091945","0.7608951707891637","0.7750972762645915","0.8064980493823766","0.8003891050583658","0.812970168612192","0.8578538368427138","0.8507133592736705","0.8614785992217899"
"94","0.7632421291517225","0.7517702596380802","0.7697625880511348","0.7673213492955775","0.7588387096774194","0.7746712626069194","0.7705842857474214","0.7623918174665618","0.7749804330811375","0.8050379846939106","0.8023741194886512","0.8085050873989043","0.8587881790972963","0.8570310461779285","0.8604226454474302"
"95","0.7632421291517225","0.7517702596380802","0.7697625880511348","0.7673213492955775","0.7588387096774194","0.7746712626069194","0.7705842857474214","0.7623918174665618","0.7749804330811375","0.8050379846939106","0.8023741194886512","0.8085050873989043","0.8587881790972963","0.8570310461779285","0.8604226454474302"
"98","0.7603806238710435","0.7554135142186277","0.7685885729193843","0.7814603164816548","0.7691236068895644","0.8035781781529545","0.769524461206682","0.7628323242958673","0.7730237411948865","0.8054227199586419","0.8002869814766501","0.8111140099139056","0.8594213589787417","0.8532481085311766","0.8626402295851814"
"99","0.7603806238710435","0.7554135142186277","0.7685885729193843","0.7814603164816548","0.7691236068895644","0.8035781781529545","0.769524461206682","0.7628323242958673","0.7730237411948865","0.8054227199586419","0.8002869814766501","0.8111140099139056","0.8594213589787417","0.8532481085311766","0.8626402295851814"
"102","0.7599678076852022","0.754401982522499","0.7688796139298292","0.7712874779541447","0.7642983119173595","0.7761904761904762","0.7656532338824792","0.7601821730644112","0.7705751923829398","0.807446994822465","0.8055301943393766","0.8095734968044868","0.8588892106951193","0.857701839050476","0.8603104212860311"
"103","0.7599678076852022","0.754401982522499","0.7688796139298292","0.7712874779541447","0.7642983119173595","0.7761904761904762","0.7656532338824792","0.7601821730644112","0.7705751923829398","0.807446994822465","0.8055301943393766","0.8095734968044868","0.8588892106951193","0.857701839050476","0.8603104212860311"
"106","0.7614928255752135","0.7541174944883933","0.7685125145895474","0.7707765341743043","0.7633022840372592","0.7787418655097613","0.767720832617577","0.7650110232135909","0.7722733756970561","0.8089594588814102","0.8049539618726494","0.8140319024769809","0.8593952000304181","0.8572169627804436","0.8629230968745947"
"107","0.7614928255752135","0.7541174944883933","0.7685125145895474","0.7707765341743043","0.7633022840372592","0.7787418655097613","0.767720832617577","0.7650110232135909","0.7722733756970561","0.8089594588814102","0.8049539618726494","0.8140319024769809","0.8593952000304181","0.8572169627804436","0.8629230968745947"
"110","0.7519591464646235","0.7481607987388335","0.7565685759327377","0.7701357057326289","0.7636526410026858","0.781360201511335","0.7616552631626243","0.7566999474513926","0.7712821860220704","0.8013145239456995","0.7963741460851288","0.8051760378349974","0.857345302692283","0.8562220468297816","0.8590383604834472"
"111","0.7519591464646235","0.7481607987388335","0.7565685759327377","0.7701357057326289","0.7636526410026858","0.781360201511335","0.7616552631626243","0.7566999474513926","0.7712821860220704","0.8013145239456995","0.7963741460851288","0.8051760378349974","0.857345302692283","0.8562220468297816","0.8590383604834472"
"114","0.7533811686319949","0.7461126355677512","0.7581511064554144","0.7771813261664524","0.7722884012539185","0.7840752351097179","0.7608035874369488","0.7510780086240689","0.7688488174572063","0.8023235275402522","0.7973343786750294","0.8068613329841561","0.8559732639181004","0.8516921468705083","0.863558989131858"
"115","0.7533811686319949","0.7461126355677512","0.7581511064554144","0.7771813261664524","0.7722884012539185","0.7840752351097179","0.7608035874369488","0.7510780086240689","0.7688488174572063","0.8023235275402522","0.7973343786750294","0.8068613329841561","0.8559732639181004","0.8516921468705083","0.863558989131858"
"118","0.7552449820828652","0.7499031633311815","0.7615057367538998","0.7738463809760436","0.7611217335882727","0.7831739961759082","0.7636082746810748","0.7530019367333763","0.7724635812814232","0.8062050237553817","0.800645577792124","0.8103292446739832","0.8585059497271587","0.8519044544867657","0.8666236281471917"
"119","0.7552449820828652","0.7499031633311815","0.7615057367538998","0.7738463809760436","0.7611217335882727","0.7831739961759082","0.7636082746810748","0.7530019367333763","0.7724635812814232","0.8062050237553817","0.800645577792124","0.8103292446739832","0.8585059497271587","0.8519044544867657","0.8666236281471917"
"122","0.7595724373936781","0.7538819875776397","0.7679708826205641","0.7699893145939118","0.7677779186208645","0.7727215109646343","0.764799945178847","0.7611283643892339","0.7692805383022774","0.8049961898356685","0.8015078642922138","0.8084886128364389","0.8589824506374137","0.8564958592132506","0.8606366459627329"
"123","0.7595724373936781","0.7538819875776397","0.7679708826205641","0.7699893145939118","0.7677779186208645","0.7727215109646343","0.764799945178847","0.7611283643892339","0.7692805383022774","0.8049961898356685","0.8015078642922138","0.8084886128364389","0.8589824506374137","0.8564958592132506","0.8606366459627329"
"126","0.7607579338410329","0.7542460113226969","0.7660902353400079","0.7694087930327281","0.7637528259231349","0.7731645569620254","0.7628401712490814","0.7582346886258363","0.7703293875450334","0.8055427659964159","0.7999227997941327","0.8125321667524447","0.8566742761606582","0.8525476067936182","0.8621976325270201"
"127","0.7607579338410329","0.7542460113226969","0.7660902353400079","0.7694087930327281","0.7637528259231349","0.7731645569620254","0.7628401712490814","0.7582346886258363","0.7703293875450334","0.8055427659964159","0.7999227997941327","0.8125321667524447","0.8566742761606582","0.8525476067936182","0.8621976325270201"
"130","0.7539389142179896","0.7505885430290348","0.7571279100183103","0.7698129201035693","0.767175572519084","0.7738737608231898","0.7593269572730115","0.7559508239602406","0.7641904263667277","0.8019284444145287","0.7972796233324614","0.804865289040021","0.8579938125233777","0.8529950300810881","0.8630656552445723"
"131","0.7539389142179896","0.7505885430290348","0.7571279100183103","0.7698129201035693","0.767175572519084","0.7738737608231898","0.7593269572730115","0.7559508239602406","0.7641904263667277","0.8019284444145287","0.7972796233324614","0.804865289040021","0.8579938125233777","0.8529950300810881","0.8630656552445723"
"134","0.7631672307716256","0.7595572145707299","0.7676663663277127","0.7664447941202658","0.7575873015873016","0.7721904761904762","0.7670223844859726","0.759297789336801","0.7717853005534818","0.8075713101367661","0.7988296488946685","0.8131033595057279","0.8592075001828647","0.8577680525164114","0.8611146865748488"
"135","0.7631672307716256","0.7595572145707299","0.7676663663277127","0.7664447941202658","0.7575873015873016","0.7721904761904762","0.7670223844859726","0.759297789336801","0.7717853005534818","0.8075713101367661","0.7988296488946685","0.8131033595057279","0.8592075001828647","0.8577680525164114","0.8611146865748488"
"138","0.7570920473414495","0.7487345879299157","0.7630072840790842","0.7719447911460382","0.7645042528881554","0.7768185857559985","0.7637110110669113","0.7621025308241401","0.7667748215444516","0.8022734234091272","0.7953277092796885","0.8080467229072031","0.8552243735401623","0.844646333549643","0.8607397793640493"
"139","0.7570920473414495","0.7487345879299157","0.7630072840790842","0.7719447911460382","0.7645042528881554","0.7768185857559985","0.7637110110669113","0.7621025308241401","0.7667748215444516","0.8022734234091272","0.7953277092796885","0.8080467229072031","0.8552243735401623","0.844646333549643","0.8607397793640493"
"142","0.7474910200197211","0.7406630847857424","0.753311475409836","0.7701843803460796","0.7622784810126582","0.7749367088607595","0.7556420450663921","0.7494430611977461","0.7625475036037217","0.7991552489736644","0.7947540983606558","0.8036954527584851","0.8528923721403852","0.8461538461538461","0.8610929104966584"
"143","0.7474910200197211","0.7406630847857424","0.753311475409836","0.7701843803460796","0.7622784810126582","0.7749367088607595","0.7556420450663921","0.7494430611977461","0.7625475036037217","0.7991552489736644","0.7947540983606558","0.8036954527584851","0.8528923721403852","0.8461538461538461","0.8610929104966584"
"146","0.7490511711917011","0.7365648050579557","0.7663306715538682","0.7655870815406559","0.761323155216285","0.7723918575063613","0.7542164459981646","0.7410432033719705","0.7647597853122137","0.7991285912745187","0.7914910432033719","0.8101845791333944","0.8547271288660555","0.8524762908324552","0.8629401754156303"
"147","0.7490511711917011","0.7365648050579557","0.7663306715538682","0.7655870815406559","0.761323155216285","0.7723918575063613","0.7542164459981646","0.7410432033719705","0.7647597853122137","0.7991285912745187","0.7914910432033719","0.8101845791333944","0.8547271288660555","0.8524762908324552","0.8629401754156303"
"150","0.757437314095078","0.7536779065225883","0.7642234084103632","0.7695392577800447","0.7527318932655654","0.78035194328396","0.7612255650769437","0.7561515427678688","0.7721650826715272","0.8013838818089158","0.7952089571670355","0.8073167556307772","0.8537082095696615","0.8484572321312329","0.8567894805363885"
"151","0.757437314095078","0.7536779065225883","0.7642234084103632","0.7695392577800447","0.7527318932655654","0.78035194328396","0.7612255650769437","0.7561515427678688","0.7721650826715272","0.8013838818089158","0.7952089571670355","0.8073167556307772","0.8537082095696615","0.8484572321312329","0.8567894805363885"
"154","0.7550719079675939","0.7502602811035919","0.7592399791775117","0.7687730077855113","0.7578640284119736","0.7744799594114663","0.7615261891072272","0.7529719137818419","0.7678292555960438","0.8019573138990109","0.8","0.8045288912024987","0.8555627053050083","0.8500780843310776","0.8611400312337324"
"155","0.7550719079675939","0.7502602811035919","0.7592399791775117","0.7687730077855113","0.7578640284119736","0.7744799594114663","0.7615261891072272","0.7529719137818419","0.7678292555960438","0.8019573138990109","0.8","0.8045288912024987","0.8555627053050083","0.8500780843310776","0.8611400312337324"
"158","0.7565589852356981","0.7529988391590352","0.76112472591255","0.7750027006410465","0.7684710588823603","0.7800975121890237","0.7622094766543654","0.7580291500064491","0.7671868953953308","0.8045446399425877","0.7990678404971517","0.8116857990455307","0.8567729249057665","0.8514123565071585","0.8631497484844577"
"159","0.7565589852356981","0.7529988391590352","0.76112472591255","0.7750027006410465","0.7684710588823603","0.7800975121890237","0.7622094766543654","0.7580291500064491","0.7671868953953308","0.8045446399425877","0.7990678404971517","0.8116857990455307","0.8567729249057665","0.8514123565071585","0.8631497484844577"
"162","0.7602892807040857","0.7559348132939818","0.7632490696779161","0.7669585246769127","0.7570188871873405","0.7724604389994896","0.765578739548091","0.7628641088156037","0.769023482612601","0.801158772884901","0.7959707429744642","0.8072629282689593","0.8547392678307061","0.8520467085846273","0.8588476838188117"
"163","0.7602892807040857","0.7559348132939818","0.7632490696779161","0.7669585246769127","0.7570188871873405","0.7724604389994896","0.765578739548091","0.7628641088156037","0.769023482612601","0.801158772884901","0.7959707429744642","0.8072629282689593","0.8547392678307061","0.8520467085846273","0.8588476838188117"
"166","0.7543177650390895","0.7503237503237503","0.7586388122454343","0.7693481849688919","0.7588883324987481","0.7830495743615423","0.7637619945858021","0.7624967624967625","0.7648277648277648","0.8001213738304791","0.7989751675206938","0.8031598031598032","0.8543836636071559","0.8517223517223518","0.8593628593628594"
"167","0.7543177650390895","0.7503237503237503","0.7586388122454343","0.7693481849688919","0.7588883324987481","0.7830495743615423","0.7637619945858021","0.7624967624967625","0.7648277648277648","0.8001213738304791","0.7989751675206938","0.8031598031598032","0.8543836636071559","0.8517223517223518","0.8593628593628594"
"170","0.7577862637429424","0.7532233109850438","0.7632737632737633","0.7604807760049539","0.7553598774885145","0.7658244002041859","0.7649612655027818","0.7581227436823105","0.7705257705257705","0.803304397167213","0.7983682983682984","0.8081485301701908","0.8557285273891772","0.8539195461578133","0.8584321815368747"
"171","0.7577862637429424","0.7532233109850438","0.7632737632737633","0.7604807760049539","0.7553598774885145","0.7658244002041859","0.7649612655027818","0.7581227436823105","0.7705257705257705","0.803304397167213","0.7983682983682984","0.8081485301701908","0.8557285273891772","0.8539195461578133","0.8584321815368747"
"174","0.7485578363892174","0.7439600840336135","0.7531620811057504","0.7682041862759201","0.7574645748987854","0.7734058704453441","0.7558738094598902","0.750656512605042","0.7608553918372669","0.7951905747629603","0.7918855042016807","0.7976628151260504","0.85075836322924","0.845063025210084","0.8541228991596639"
"175","0.7485578363892174","0.7439600840336135","0.7531620811057504","0.7682041862759201","0.7574645748987854","0.7734058704453441","0.7558738094598902","0.750656512605042","0.7608553918372669","0.7951905747629603","0.7918855042016807","0.7976628151260504","0.85075836322924","0.845063025210084","0.8541228991596639"
"178","0.7490576518529897","0.7410773080468853","0.7575363825363826","0.7596437967963137","0.7481653147933565","0.7645165443543196","0.7562140374121804","0.7510865270644014","0.7605249480249481","0.7995794867140186","0.7956012116423021","0.805483367983368","0.8535356520243915","0.8476228104833399","0.8594074844074844"
"179","0.7490576518529897","0.7410773080468853","0.7575363825363826","0.7596437967963137","0.7481653147933565","0.7645165443543196","0.7562140374121804","0.7510865270644014","0.7605249480249481","0.7995794867140186","0.7956012116423021","0.805483367983368","0.8535356520243915","0.8476228104833399","0.8594074844074844"
"182","0.748647255955866","0.743298560676086","0.754724461477468","0.7661626226774719","0.7606892150606254","0.7767275514114191","0.7556459709521128","0.7537303578502574","0.7586161362736036","0.7955302035213714","0.7918593894542091","0.800475373035785","0.8508670752030572","0.8469562920903209","0.8561996566750297"
"183","0.748647255955866","0.743298560676086","0.754724461477468","0.7661626226774719","0.7606892150606254","0.7767275514114191","0.7556459709521128","0.7537303578502574","0.7586161362736036","0.7955302035213714","0.7918593894542091","0.800475373035785","0.8508670752030572","0.8469562920903209","0.8561996566750297"
"186","0.7514987612629332","0.7437166297695013","0.7572600599036333","0.7655599514759096","0.7596977329974811","0.7697393039790446","0.7570216385643799","0.7527021747623388","0.765334027868212","0.7982676163339409","0.7921604375569735","0.8065483955126533","0.8536819731268409","0.8490688891782784","0.8581846594608673"
"187","0.7514987612629332","0.7437166297695013","0.7572600599036333","0.7655599514759096","0.7596977329974811","0.7697393039790446","0.7570216385643799","0.7527021747623388","0.765334027868212","0.7982676163339409","0.7921604375569735","0.8065483955126533","0.8536819731268409","0.8490688891782784","0.8581846594608673"
"190","0.7531880685351868","0.7448400412796697","0.7567079463364293","0.7574277568403303","0.752188465499485","0.7605561277033985","0.761890458518716","0.7577399380804953","0.7648348813209495","0.8005136038381891","0.7966976264189887","0.8032765737874097","0.854352134719346","0.8502321981424148","0.8566419945461629"
"191","0.7531880685351868","0.7448400412796697","0.7567079463364293","0.7574277568403303","0.752188465499485","0.7605561277033985","0.761890458518716","0.7577399380804953","0.7648348813209495","0.8005136038381891","0.7966976264189887","0.8032765737874097","0.854352134719346","0.8502321981424148","0.8566419945461629"
"194","0.7436051231202587","0.7362924281984334","0.7498694516971279","0.7645961871326509","0.7587786259541984","0.7716284987277353","0.7531725810823329","0.7501971090670171","0.7546997389033943","0.7937160119809377","0.7864651773981604","0.8013054830287206","0.8459293975564652","0.8419185282522996","0.8484334203655353"
"195","0.7436051231202587","0.7362924281984334","0.7498694516971279","0.7645961871326509","0.7587786259541984","0.7716284987277353","0.7531725810823329","0.7501971090670171","0.7546997389033943","0.7937160119809377","0.7864651773981604","0.8013054830287206","0.8459293975564652","0.8419185282522996","0.8484334203655353"
"198","0.7495716855540466","0.7483134405812143","0.7510378827192528","0.7669111556327932","0.7593630573248408","0.7736635915581953","0.7593822794707535","0.7548002075765439","0.7615464452516866","0.7973746880922014","0.7948884276076803","0.7996886351842242","0.8504043207502917","0.8457446808510638","0.8530098598858329"
"199","0.7495716855540466","0.7483134405812143","0.7510378827192528","0.7669111556327932","0.7593630573248408","0.7736635915581953","0.7593822794707535","0.7548002075765439","0.7615464452516866","0.7973746880922014","0.7948884276076803","0.7996886351842242","0.8504043207502917","0.8457446808510638","0.8530098598858329"
"202","0.7576346208594857","0.7514263485477178","0.7688551972247205","0.7628531681678747","0.7564102564102564","0.7665735331470663","0.7626851972300518","0.7579339586277785","0.7702685339843248","0.8028173703406136","0.7966079917769497","0.8097134780932802","0.8543793713610309","0.8474881151227034","0.8630348194783503"
"203","0.7576346208594857","0.7514263485477178","0.7688551972247205","0.7628531681678747","0.7564102564102564","0.7665735331470663","0.7626851972300518","0.7579339586277785","0.7702685339843248","0.8028173703406136","0.7966079917769497","0.8097134780932802","0.8543793713610309","0.8474881151227034","0.8630348194783503"
"206","0.7482327890643937","0.7426364707422437","0.7500656340246784","0.7620925657372553","0.7515559507176426","0.7707354248698082","0.7552546106978701","0.7519308810053672","0.759516933578367","0.7950967852267408","0.7918575729807567","0.7963084173321116","0.8477226462662703","0.8435659117685561","0.8510276214164157"
"207","0.7482327890643937","0.7426364707422437","0.7500656340246784","0.7620925657372553","0.7515559507176426","0.7707354248698082","0.7552546106978701","0.7519308810053672","0.759516933578367","0.7950967852267408","0.7918575729807567","0.7963084173321116","0.8477226462662703","0.8435659117685561","0.8510276214164157"
"210","0.752628331077091","0.7391075424509674","0.7614678899082569","0.7641046406010004","0.7575335527981768","0.771714358065333","0.7578715886159795","0.7524022640515993","0.7659904380410906","0.798369467426181","0.7880742398315125","0.8059180772709652","0.8516985821298363","0.8413847571409767","0.8595425765602791"
"211","0.752628331077091","0.7391075424509674","0.7614678899082569","0.7641046406010004","0.7575335527981768","0.771714358065333","0.7578715886159795","0.7524022640515993","0.7659904380410906","0.798369467426181","0.7880742398315125","0.8059180772709652","0.8516985821298363","0.8413847571409767","0.8595425765602791"
"214","0.7508502111870599","0.7437940945910635","0.7580350143715704","0.7669537575123198","0.7578125","0.7746975806451613","0.7579651600581936","0.7513718317219754","0.7628690880585315","0.7996897004374822","0.7955317481055657","0.8046772929187354","0.8499180145772465","0.8426966292134832","0.8590279592370003"
"215","0.7508502111870599","0.7437940945910635","0.7580350143715704","0.7669537575123198","0.7578125","0.7746975806451613","0.7579651600581936","0.7513718317219754","0.7628690880585315","0.7996897004374822","0.7955317481055657","0.8046772929187354","0.8499180145772465","0.8426966292134832","0.8590279592370003"
"218","0.7555122597305233","0.7502905100064557","0.7594577146546159","0.7644153693932937","0.7586912065439673","0.7695552147239264","0.7610889189695745","0.7558424790187217","0.7663225806451612","0.8004133197276078","0.7988387096774193","0.804906391220142","0.8526207376246904","0.8490639122014203","0.8555196901226598"
"219","0.7555122597305233","0.7502905100064557","0.7594577146546159","0.7644153693932937","0.7586912065439673","0.7695552147239264","0.7610889189695745","0.7558424790187217","0.7663225806451612","0.8004133197276078","0.7988387096774193","0.804906391220142","0.8526207376246904","0.8490639122014203","0.8555196901226598"
"222","0.7539941215298541","0.7480109560453894","0.758575714099387","0.7616662989241643","0.7502216592780241","0.766307789740342","0.757831010355306","0.7506195382809443","0.7652275988000522","0.7988510753839251","0.7940524325029347","0.8040954741098213","0.8494822073636941","0.8459632189904787","0.8542976939203355"
"223","0.7539941215298541","0.7480109560453894","0.758575714099387","0.7616662989241643","0.7502216592780241","0.766307789740342","0.757831010355306","0.7506195382809443","0.7652275988000522","0.7988510753839251","0.7940524325029347","0.8040954741098213","0.8494822073636941","0.8459632189904787","0.8542976939203355"
"226","0.7549169530355098","0.7475515463917526","0.7638888888888888","0.7637369263184576","0.7534005037783376","0.769647355163728","0.7600443202620676","0.7503865979381443","0.7681701030927834","0.8011329500808257","0.7997422680412372","0.8028296988577363","0.854121195576538","0.8493556701030928","0.8596649484536083"
"227","0.7549169530355098","0.7475515463917526","0.7638888888888888","0.7637369263184576","0.7534005037783376","0.769647355163728","0.7600443202620676","0.7503865979381443","0.7681701030927834","0.8011329500808257","0.7997422680412372","0.8028296988577363","0.854121195576538","0.8493556701030928","0.8596649484536083"
"230","0.7508662492458206","0.743533082022618","0.7569310122501611","0.7648573904415329","0.7534678436317781","0.7709962168978562","0.7594338376728558","0.75302222799948","0.7641521598968407","0.798578449280635","0.7957883790458858","0.8012894906511928","0.8507491524989057","0.8468737813596776","0.8540231379175874"
"231","0.7508662492458206","0.743533082022618","0.7569310122501611","0.7648573904415329","0.7534678436317781","0.7709962168978562","0.7594338376728558","0.75302222799948","0.7641521598968407","0.798578449280635","0.7957883790458858","0.8012894906511928","0.8507491524989057","0.8468737813596776","0.8540231379175874"
"234","0.7524302576990162","0.7487073422957601","0.7573681489141675","0.7664579359336973","0.7594202898550725","0.77029752899647","0.7604285746933739","0.7584022750775594","0.7640094711917916","0.797153758862238","0.7914943123061013","0.8013185108583247","0.8487865545642345","0.843459152016546","0.8553516028955532"
"235","0.7524302576990162","0.7487073422957601","0.7573681489141675","0.7664579359336973","0.7594202898550725","0.77029752899647","0.7604285746933739","0.7584022750775594","0.7640094711917916","0.797153758862238","0.7914943123061013","0.8013185108583247","0.8487865545642345","0.843459152016546","0.8553516028955532"
"238","0.7527404370018944","0.7462725269026319","0.7620167189132706","0.7655164653144311","0.7569629912247233","0.7763091641490433","0.761229473750095","0.7556074160508233","0.7686781609195402","0.7988975072415704","0.7945027875016206","0.8020225593154415","0.8509370146969231","0.8459743290548425","0.8544016595358486"
"239","0.7527404370018944","0.7462725269026319","0.7620167189132706","0.7655164653144311","0.7569629912247233","0.7763091641490433","0.761229473750095","0.7556074160508233","0.7686781609195402","0.7988975072415704","0.7945027875016206","0.8020225593154415","0.8509370146969231","0.8459743290548425","0.8544016595358486"
"242","0.7520706444710077","0.7438410937701535","0.7604798142654456","0.763035713384862","0.7575873015873016","0.7679404716862152","0.7608967468035417","0.7564813620533987","0.7677028247130143","0.7993738071725544","0.7958209725267639","0.8033955417314671","0.8509378399451656","0.8450922223655359","0.8542499677544176"
"243","0.7520706444710077","0.7438410937701535","0.7604798142654456","0.763035713384862","0.7575873015873016","0.7679404716862152","0.7608967468035417","0.7564813620533987","0.7677028247130143","0.7993738071725544","0.7958209725267639","0.8033955417314671","0.8509378399451656","0.8450922223655359","0.8542499677544176"
"246","0.7424352212900108","0.7351939203354299","0.7493448637316562","0.7688989711669849","0.7561779242174629","0.78185717890487","0.7510735503115548","0.7480345911949686","0.7535377358490566","0.7912834184464751","0.7880470712680153","0.7945492662473794","0.8456815267476469","0.8434224318658281","0.8494496855345912"
"247","0.7424352212900108","0.7351939203354299","0.7493448637316562","0.7688989711669849","0.7561779242174629","0.78185717890487","0.7510735503115548","0.7480345911949686","0.7535377358490566","0.7912834184464751","0.7880470712680153","0.7945492662473794","0.8456815267476469","0.8434224318658281","0.8494496855345912"
"250","0.7487713853548114","0.742947953913389","0.7547071808855993","0.7648286704272023","0.7583722987488942","0.7699987362567926","0.756837073669725","0.7510712894429294","0.7636670562264641","0.7965239978069913","0.7877102370546948","0.8031424490325931","0.8480624752591351","0.8376373990199973","0.8562524347487339"
"251","0.7487713853548114","0.742947953913389","0.7547071808855993","0.7648286704272023","0.7583722987488942","0.7699987362567926","0.756837073669725","0.7510712894429294","0.7636670562264641","0.7965239978069913","0.7877102370546948","0.8031424490325931","0.8480624752591351","0.8376373990199973","0.8562524347487339"
"254","0.7502746771077942","0.7440250750946846","0.7544730312132689","0.7640347020140464","0.7505089058524173","0.7729007633587787","0.7602023864702383","0.7574768185973619","0.7640522875816993","0.7992840042986853","0.7936528666579601","0.804362021679509","0.849729734251456","0.8432679738562092","0.8569936006268773"
"255","0.7502746771077942","0.7440250750946846","0.7544730312132689","0.7640347020140464","0.7505089058524173","0.7729007633587787","0.7602023864702383","0.7574768185973619","0.7640522875816993","0.7992840042986853","0.7936528666579601","0.804362021679509","0.849729734251456","0.8432679738562092","0.8569936006268773"
"258","0.7468818594838001","0.7355611103802131","0.7509860636339731","0.7623385069562778","0.7519506670022653","0.7676818525044047","0.7557488543361529","0.7479279042231286","0.7602946980660439","0.7976586491328642","0.7906854361268254","0.8018681752401","0.8471190094526154","0.843967898960663","0.8492303644257335"
"259","0.7468818594838001","0.7355611103802131","0.7509860636339731","0.7623385069562778","0.7519506670022653","0.7676818525044047","0.7557488543361529","0.7479279042231286","0.7602946980660439","0.7976586491328642","0.7906854361268254","0.8018681752401","0.8471190094526154","0.843967898960663","0.8492303644257335"
"262","0.7497581589753631","0.7458780423972782","0.7533368228212509","0.7634623440502712","0.7535148828372388","0.7713742875237493","0.7583068276268319","0.7547762365872808","0.7636744307772835","0.8007080218121775","0.7940329756608218","0.8060787115209768","0.8499924246748041","0.8427113321120125","0.8559553188725808"
"263","0.7497581589753631","0.7458780423972782","0.7533368228212509","0.7634623440502712","0.7535148828372388","0.7713742875237493","0.7583068276268319","0.7547762365872808","0.7636744307772835","0.8007080218121775","0.7940329756608218","0.8060787115209768","0.8499924246748041","0.8427113321120125","0.8559553188725808"
"266","0.7488336748561346","0.7432397295891835","0.755088811098146","0.7519027755367895","0.7438112429087158","0.7577359463641052","0.7595670073399591","0.7566302652106084","0.7644237002463373","0.7994036649836277","0.7912116484659386","0.8064307014131985","0.8500527201173617","0.8415236609464378","0.8558278231557112"
"267","0.7488336748561346","0.7432397295891835","0.755088811098146","0.7519027755367895","0.7438112429087158","0.7577359463641052","0.7595670073399591","0.7566302652106084","0.7644237002463373","0.7994036649836277","0.7912116484659386","0.8064307014131985","0.8500527201173617","0.8415236609464378","0.8558278231557112"
"270","0.750504993218884","0.7413020558777017","0.7564499484004128","0.7624134070753288","0.7511438739196746","0.7693187595322827","0.7608313028066149","0.7550079072219293","0.7668988648090815","0.7993600916769893","0.7938850817079599","0.8023735810113519","0.8486335629610167","0.8477859778597786","0.8499742002063984"
"271","0.750504993218884","0.7413020558777017","0.7564499484004128","0.7624134070753288","0.7511438739196746","0.7693187595322827","0.7608313028066149","0.7550079072219293","0.7668988648090815","0.7993600916769893","0.7938850817079599","0.8023735810113519","0.8486335629610167","0.8477859778597786","0.8499742002063984"
"274","0.7438840758754696","0.7370444002650762","0.7492167101827676","0.7593620591098128","0.7456558115587592","0.7692307692307692","0.7491809110523976","0.744599072233267","0.7524804177545692","0.7917978292127132","0.7868146214099216","0.7976501305483028","0.8468510607374032","0.8402088772845953","0.8531331592689295"
"275","0.7438840758754696","0.7370444002650762","0.7492167101827676","0.7593620591098128","0.7456558115587592","0.7692307692307692","0.7491809110523976","0.744599072233267","0.7524804177545692","0.7917978292127132","0.7868146214099216","0.7976501305483028","0.8468510607374032","0.8402088772845953","0.8531331592689295"
"278","0.7425646532259828","0.7380517106294071","0.7477148080438757","0.7639125877218081","0.7528061224489796","0.7710935508539383","0.7538364673787786","0.7509793679811961","0.7564638286758945","0.7940185588619679","0.7897623400365631","0.7968137895011752","0.8457305124276008","0.8412118046487334","0.8523140925637025"
"279","0.7425646532259828","0.7380517106294071","0.7477148080438757","0.7639125877218081","0.7528061224489796","0.7710935508539383","0.7538364673787786","0.7509793679811961","0.7564638286758945","0.7940185588619679","0.7897623400365631","0.7968137895011752","0.8457305124276008","0.8412118046487334","0.8523140925637025"
"282","0.7435451531492111","0.7402286625897367","0.7460781706992821","0.7588513293235961","0.7511881824020552","0.7631712259371835","0.7517004939925206","0.745679340600904","0.7583089603828769","0.7972212164957759","0.7942036692369051","0.8011167242754587","0.8484041453021076","0.8457165520888419","0.8497739962775858"
"283","0.7435451531492111","0.7402286625897367","0.7460781706992821","0.7588513293235961","0.7511881824020552","0.7631712259371835","0.7517004939925206","0.745679340600904","0.7583089603828769","0.7972212164957759","0.7942036692369051","0.8011167242754587","0.8484041453021076","0.8457165520888419","0.8497739962775858"
"286","0.7470625921737463","0.746069182389937","0.7486897274633124","0.7640732814222092","0.7550607287449392","0.771002024291498","0.7539347029608026","0.75","0.757730607966457","0.7921100099861781","0.7864255765199162","0.7958595387840671","0.8457844771144576","0.8389852786540484","0.8491876310272537"
"287","0.7470625921737463","0.746069182389937","0.7486897274633124","0.7640732814222092","0.7550607287449392","0.771002024291498","0.7539347029608026","0.75","0.757730607966457","0.7921100099861781","0.7864255765199162","0.7958595387840671","0.8457844771144576","0.8389852786540484","0.8491876310272537"
"290","0.7496975861956626","0.7453391511305038","0.7551823668328523","0.7589809073904538","0.7453785768548999","0.7709546720688782","0.7608427215413963","0.757543951718709","0.7637103122540015","0.7995070186780211","0.7974284964576227","0.8034636578325899","0.847412240113164","0.8454317069945789","0.84912096562582"
"291","0.7496975861956626","0.7453391511305038","0.7551823668328523","0.7589809073904538","0.7453785768548999","0.7709546720688782","0.7608427215413963","0.757543951718709","0.7637103122540015","0.7995070186780211","0.7974284964576227","0.8034636578325899","0.847412240113164","0.8454317069945789","0.84912096562582"
"294","0.7489782382543723","0.7428979115319756","0.7550914515501362","0.7620218231224565","0.7507320178230427","0.768809675366009","0.758300338506358","0.7530159553768323","0.761317940070048","0.7966221293022426","0.793332465164735","0.7997146192761707","0.8459818521455272","0.8431703204047217","0.8493968089246335"
"295","0.7489782382543723","0.7428979115319756","0.7550914515501362","0.7620218231224565","0.7507320178230427","0.768809675366009","0.758300338506358","0.7530159553768323","0.761317940070048","0.7966221293022426","0.793332465164735","0.7997146192761707","0.8459818521455272","0.8431703204047217","0.8493968089246335"
"298","0.7425121082877277","0.7358319284139541","0.7456879782129425","0.764407063826131","0.7552935209838976","0.776984723265715","0.7543338360466165","0.7521722215017508","0.7569705615354688","0.7936634112492286","0.7892620931137336","0.7963947607314227","0.8418138399953315","0.8386720269744521","0.8458218909376226"
"299","0.7425121082877277","0.7358319284139541","0.7456879782129425","0.764407063826131","0.7552935209838976","0.776984723265715","0.7543338360466165","0.7521722215017508","0.7569705615354688","0.7936634112492286","0.7892620931137336","0.7963947607314227","0.8418138399953315","0.8386720269744521","0.8458218909376226"
"302","0.7404714847019509","0.7358564693556836","0.7467523946988583","0.7616894778700205","0.750950088674943","0.7690651127438561","0.7520013074897332","0.7443687794656888","0.7606613305340506","0.7925304717211527","0.7875606875738093","0.7971451021477214","0.845066580453819","0.8424567836563646","0.8539811419591409"
"303","0.7404714847019509","0.7358564693556836","0.7467523946988583","0.7616894778700205","0.750950088674943","0.7690651127438561","0.7520013074897332","0.7443687794656888","0.7606613305340506","0.7925304717211527","0.7875606875738093","0.7971451021477214","0.845066580453819","0.8424567836563646","0.8539811419591409"
"306","0.7470422632740943","0.7416969382459782","0.7522066458982347","0.7642791258116749","0.7568642067337558","0.7705305006833147","0.7552420756361073","0.749351323300467","0.7606382978723404","0.7934396220080713","0.7907368967306694","0.8009859885832901","0.8446387780143461","0.838090295796575","0.8505448884276077"
"307","0.7470422632740943","0.7416969382459782","0.7522066458982347","0.7642791258116749","0.7568642067337558","0.7705305006833147","0.7552420756361073","0.749351323300467","0.7606382978723404","0.7934396220080713","0.7907368967306694","0.8009859885832901","0.8446387780143461","0.838090295796575","0.8505448884276077"
"310","0.7496129825680817","0.7458758837391988","0.7531547772340974","0.7577932035388323","0.7529803871298552","0.7642255997990202","0.7597415015007238","0.7559570568211573","0.7626834921452486","0.7973264666002706","0.7905210788164441","0.8050476435745557","0.8474485266444658","0.8422611382951326","0.8501158897759464"
"311","0.7496129825680817","0.7458758837391988","0.7531547772340974","0.7577932035388323","0.7529803871298552","0.7642255997990202","0.7597415015007238","0.7559570568211573","0.7626834921452486","0.7973264666002706","0.7905210788164441","0.8050476435745557","0.8474485266444658","0.8422611382951326","0.8501158897759464"
"314","0.7506317391165697","0.7436226124855787","0.7540058966799128","0.7602771700657983","0.7510106114199091","0.7709701869631127","0.7610026713649539","0.757210614023843","0.7631072939366748","0.7966885591938532","0.7938517179023508","0.7998974490449943","0.8439912303170665","0.8410460197410589","0.8463017561851045"
"315","0.7506317391165697","0.7436226124855787","0.7540058966799128","0.7602771700657983","0.7510106114199091","0.7709701869631127","0.7610026713649539","0.757210614023843","0.7631072939366748","0.7966885591938532","0.7938517179023508","0.7998974490449943","0.8439912303170665","0.8410460197410589","0.8463017561851045"
"318","0.7470831890958027","0.7356758882915957","0.7561736417988043","0.7571740818680092","0.748917748917749","0.7594856124267889","0.7536581813021196","0.7496750714842735","0.7600727839875228","0.7970247471215177","0.7933454639979205","0.7993241486872888","0.8459807684580273","0.8396152846373798","0.8496230829217573"
"319","0.7470831890958027","0.7356758882915957","0.7561736417988043","0.7571740818680092","0.748917748917749","0.7594856124267889","0.7536581813021196","0.7496750714842735","0.7600727839875228","0.7970247471215177","0.7933454639979205","0.7993241486872888","0.8459807684580273","0.8396152846373798","0.8496230829217573"
"322","0.7470661389839359","0.7420157068062827","0.7493455497382199","0.757023573129676","0.7474021808851827","0.7648492623476588","0.753220032705336","0.7502624671916011","0.756282722513089","0.7963860603811957","0.7897905759162304","0.8045811518324607","0.8446574871858296","0.8407068062827225","0.8490837696335078"
"323","0.7470661389839359","0.7420157068062827","0.7493455497382199","0.757023573129676","0.7474021808851827","0.7648492623476588","0.753220032705336","0.7502624671916011","0.756282722513089","0.7963860603811957","0.7897905759162304","0.8045811518324607","0.8446574871858296","0.8407068062827225","0.8490837696335078"
"326","0.7418040732982761","0.7355838696965716","0.7455667936424537","0.7647855243233613","0.7565118912797282","0.7707360181795228","0.7512449102388006","0.7455667936424537","0.7581768028372521","0.7891531788987041","0.7865493235255484","0.7923289110731644","0.8416281070759771","0.8401418626034415","0.8443451990017076"
"327","0.7418040732982761","0.7355838696965716","0.7455667936424537","0.7647855243233613","0.7565118912797282","0.7707360181795228","0.7512449102388006","0.7455667936424537","0.7581768028372521","0.7891531788987041","0.7865493235255484","0.7923289110731644","0.8416281070759771","0.8401418626034415","0.8443451990017076"
"330","0.7434560809544358","0.7328767123287672","0.7491560633601662","0.7637324499260563","0.758422760169703","0.7689044172697779","0.751614294755731","0.7431506849315068","0.7564541622760801","0.7921664114175043","0.7854320337197049","0.79768177028451","0.8435231402952826","0.8411485774499473","0.8468124341412013"
"331","0.7434560809544358","0.7328767123287672","0.7491560633601662","0.7637324499260563","0.758422760169703","0.7689044172697779","0.751614294755731","0.7431506849315068","0.7564541622760801","0.7921664114175043","0.7854320337197049","0.79768177028451","0.8435231402952826","0.8411485774499473","0.8468124341412013"
"334","0.7497574460597123","0.7456162970603404","0.7564466219700876","0.7572924169350672","0.7462953500255494","0.7652018395503322","0.7562002605835173","0.7530943785456421","0.758380608561114","0.7971900911176675","0.7921609076843734","0.8035069623517277","0.8463366618393928","0.8429602888086642","0.8486333161423414"
"335","0.7497574460597123","0.7456162970603404","0.7564466219700876","0.7572924169350672","0.7462953500255494","0.7652018395503322","0.7562002605835173","0.7530943785456421","0.758380608561114","0.7971900911176675","0.7921609076843734","0.8035069623517277","0.8463366618393928","0.8429602888086642","0.8486333161423414"
"338","0.7480998442442822","0.7414169988427415","0.7586296056884292","0.7593351851604869","0.7519340519974635","0.7725940089228809","0.7566191059959261","0.7522180789507522","0.7650937297996121","0.7964118583804082","0.7923363764947924","0.7987655908447988","0.8440413866855334","0.8400411469718401","0.846984698469847"
"339","0.7480998442442822","0.7414169988427415","0.7586296056884292","0.7593351851604869","0.7519340519974635","0.7725940089228809","0.7566191059959261","0.7522180789507522","0.7650937297996121","0.7964118583804082","0.7923363764947924","0.7987655908447988","0.8440413866855334","0.8400411469718401","0.846984698469847"
"342","0.7405026796877653","0.7264709753850205","0.754770868492795","0.7551000485759205","0.7503493838140007","0.7607673739042053","0.7484809617330345","0.7373963406607871","0.7559562985388969","0.7905918676159791","0.784125312623404","0.7959720942477293","0.8431840967854735","0.8375674608398052","0.8478346715808872"
"343","0.7405026796877653","0.7264709753850205","0.754770868492795","0.7551000485759205","0.7503493838140007","0.7607673739042053","0.7484809617330345","0.7373963406607871","0.7559562985388969","0.7905918676159791","0.784125312623404","0.7959720942477293","0.8431840967854735","0.8375674608398052","0.8478346715808872"
"346","0.7516859436100183","0.7487039917055469","0.7553136340072577","0.7540121493182885","0.7450019347349413","0.7604798142654456","0.7583525239660389","0.7538880248833593","0.7619232763089684","0.7966869793377708","0.7922736732570239","0.8011923276308969","0.846750093997688","0.8435223725286161","0.8494038361845516"
"347","0.7516859436100183","0.7487039917055469","0.7553136340072577","0.7540121493182885","0.7450019347349413","0.7604798142654456","0.7583525239660389","0.7538880248833593","0.7619232763089684","0.7966869793377708","0.7922736732570239","0.8011923276308969","0.846750093997688","0.8435223725286161","0.8494038361845516"
"350","0.7476566419658892","0.7466804176872502","0.7480984916849298","0.7573942722464778","0.748588295687885","0.7667686814588115","0.7588429888475771","0.7578960938507155","0.7597009153023075","0.7976901604179031","0.7887602000526455","0.8026298826866056","0.8472077067973114","0.8424585417215057","0.8514889776975635"
"351","0.7476566419658892","0.7466804176872502","0.7480984916849298","0.7573942722464778","0.748588295687885","0.7667686814588115","0.7588429888475771","0.7578960938507155","0.7597009153023075","0.7976901604179031","0.7887602000526455","0.8026298826866056","0.8472077067973114","0.8424585417215057","0.8514889776975635"
"354","0.7462145290447957","0.7411041339612768","0.7516116300486778","0.7618692443517436","0.7489259540055597","0.7707859489512257","0.7535186645068803","0.7464678178963893","0.7569335426478283","0.7924957132317065","0.7863683935112507","0.7989272632129775","0.8432308990712961","0.8396127681841967","0.8475928833071691"
"355","0.7462145290447957","0.7411041339612768","0.7516116300486778","0.7618692443517436","0.7489259540055597","0.7707859489512257","0.7535186645068803","0.7464678178963893","0.7569335426478283","0.7924957132317065","0.7863683935112507","0.7989272632129775","0.8432308990712961","0.8396127681841967","0.8475928833071691"
"358","0.7412219889749103","0.7333769633507854","0.7488219895287958","0.7603083383913882","0.7575063613231552","0.7643765903307889","0.751251151043174","0.7410994764397906","0.7571989528795812","0.7939780259799963","0.7850785340314136","0.7996073298429319","0.8447769087930699","0.8394604601957154","0.8503926701570681"
"359","0.7412219889749103","0.7333769633507854","0.7488219895287958","0.7603083383913882","0.7575063613231552","0.7643765903307889","0.751251151043174","0.7410994764397906","0.7571989528795812","0.7939780259799963","0.7850785340314136","0.7996073298429319","0.8447769087930699","0.8394604601957154","0.8503926701570681"
"362","0.7470461671516391","0.7391188606415546","0.7524624157594608","0.7539367724867725","0.7403549382716049","0.7602880658436214","0.7536221715434046","0.747504325835219","0.7566096423017108","0.7951160928798239","0.7910288832690004","0.7989891135303266","0.8445387766440711","0.8389458272327965","0.8497926386728876"
"363","0.7470461671516391","0.7391188606415546","0.7524624157594608","0.7539367724867725","0.7403549382716049","0.7602880658436214","0.7536221715434046","0.747504325835219","0.7566096423017108","0.7951160928798239","0.7910288832690004","0.7989891135303266","0.8445387766440711","0.8389458272327965","0.8497926386728876"
"366","0.745225049121153","0.7399973763610127","0.7498691784406071","0.7575427629856135","0.7490445859872612","0.7666242038216561","0.7554805223636393","0.7487865669683851","0.7595434868162141","0.79318870163026","0.7910779696493982","0.7981109799291617","0.8442412565789189","0.8400892037255674","0.848747212383576"
"367","0.745225049121153","0.7399973763610127","0.7498691784406071","0.7575427629856135","0.7490445859872612","0.7666242038216561","0.7554805223636393","0.7487865669683851","0.7595434868162141","0.79318870163026","0.7910779696493982","0.7981109799291617","0.8442412565789189","0.8400892037255674","0.848747212383576"
"370","0.7454902201186663","0.7390570203922587","0.7541239121963892","0.7610237858315378","0.7486610558530987","0.7689364957918898","0.7545643866107674","0.7468502402909469","0.7599688271204053","0.7935268045613876","0.7867014341590612","0.8001039095986492","0.8447658774154622","0.8366362451108214","0.8502402909468763"
"371","0.7454902201186663","0.7390570203922587","0.7541239121963892","0.7610237858315378","0.7486610558530987","0.7689364957918898","0.7545643866107674","0.7468502402909469","0.7599688271204053","0.7935268045613876","0.7867014341590612","0.8001039095986492","0.8447658774154622","0.8366362451108214","0.8502402909468763"
"374","0.748029430173855","0.7428797468354431","0.7522446324007808","0.7585084122863558","0.7507583417593529","0.7641557128412538","0.758624234425658","0.7535458685751464","0.7668184775536759","0.7973259939769786","0.788939492517892","0.8036434612882238","0.8474595079460508","0.8459336369551074","0.8491867273910214"
"375","0.748029430173855","0.7428797468354431","0.7522446324007808","0.7585084122863558","0.7507583417593529","0.7641557128412538","0.758624234425658","0.7535458685751464","0.7668184775536759","0.7973259939769786","0.788939492517892","0.8036434612882238","0.8474595079460508","0.8459336369551074","0.8491867273910214"
"378","0.744280146025456","0.7364200724262804","0.7537506466632178","0.7605097431035002","0.7519025875190259","0.776002029426687","0.7556005409371176","0.7514226590791515","0.7596999482669425","0.7948937540018461","0.7906104500775996","0.8000517330574237","0.8427008554365416","0.8375342823560141","0.8462234868080704"
"379","0.744280146025456","0.7364200724262804","0.7537506466632178","0.7605097431035002","0.7519025875190259","0.776002029426687","0.7556005409371176","0.7514226590791515","0.7596999482669425","0.7948937540018461","0.7906104500775996","0.8000517330574237","0.8427008554365416","0.8375342823560141","0.8462234868080704"
"382","0.7490621662709801","0.7454402309408215","0.7529761904761905","0.7614584947145216","0.7533501896333754","0.7687737041719342","0.7564735517501902","0.750388198757764","0.7593167701863354","0.7956856605766511","0.7928312629399585","0.7995600414078675","0.8459337967200252","0.8417443064182195","0.849363600577352"
"383","0.7490621662709801","0.7454402309408215","0.7529761904761905","0.7614584947145216","0.7533501896333754","0.7687737041719342","0.7564735517501902","0.750388198757764","0.7593167701863354","0.7956856605766511","0.7928312629399585","0.7995600414078675","0.8459337967200252","0.8417443064182195","0.849363600577352"
"386","0.7460125495476285","0.7354847071021254","0.7563717161155404","0.759157321324267","0.7496510595102144","0.7664002030199213","0.7539048318292455","0.7490927941938829","0.7638217226506339","0.7941106611868095","0.7877138413685848","0.7998963193364438","0.8410810575861323","0.8333333333333334","0.844726179584368"
"387","0.7460125495476285","0.7354847071021254","0.7563717161155404","0.759157321324267","0.7496510595102144","0.7664002030199213","0.7539048318292455","0.7490927941938829","0.7638217226506339","0.7941106611868095","0.7877138413685848","0.7998963193364438","0.8410810575861323","0.8333333333333334","0.844726179584368"
"390","0.7414106111560239","0.7342957471712837","0.748280783703127","0.7625168518146429","0.7573927268151504","0.7647429435483871","0.7517071523316333","0.7437898296267396","0.7565849227974568","0.7908112679966594","0.7885290674990246","0.7922667704684053","0.8430180952897329","0.8426323319027181","0.8434126674470022"
"391","0.7414106111560239","0.7342957471712837","0.748280783703127","0.7625168518146429","0.7573927268151504","0.7647429435483871","0.7517071523316333","0.7437898296267396","0.7565849227974568","0.7908112679966594","0.7885290674990246","0.7922667704684053","0.8430180952897329","0.8426323319027181","0.8434126674470022"
"394","0.7428628211098967","0.736959370904325","0.751011353255905","0.7590521256614496","0.7506348400203149","0.7703148806500761","0.7546025539481045","0.7496723460026212","0.7575360419397117","0.7932103900395236","0.7885945452172778","0.7972477064220184","0.8417609595836677","0.8390563564875492","0.8433813892529489"
"395","0.7428628211098967","0.736959370904325","0.751011353255905","0.7590521256614496","0.7506348400203149","0.7703148806500761","0.7546025539481045","0.7496723460026212","0.7575360419397117","0.7932103900395236","0.7885945452172778","0.7972477064220184","0.8417609595836677","0.8390563564875492","0.8433813892529489"
"398","0.7527760474397813","0.7485990830361691","0.7594243504839531","0.754660313252832","0.7425578126996295","0.7664494697840807","0.7611004721961759","0.758380608561114","0.7660468670402445","0.799394943641483","0.7942238267148014","0.8027254202750891","0.8484830372725751","0.8453897096281202","0.8526490066225165"
"399","0.7527760474397813","0.7485990830361691","0.7594243504839531","0.754660313252832","0.7425578126996295","0.7664494697840807","0.7611004721961759","0.758380608561114","0.7660468670402445","0.799394943641483","0.7942238267148014","0.8027254202750891","0.8484830372725751","0.8453897096281202","0.8526490066225165"